Var1,params1,params2,params3,params4,params5,params6,params7,params8,params9,params10
Cab,81.47236864,15.76130817,65.57406992,70.6046088,43.87443597,27.6025077,75.12670593,84.0717256,35.16595071,7.585428956
Cca,22.64479843,24.26481954,0.892791964,0.795821159,9.538961427,16.99256692,6.377377886,6.357054474,20.7707157,1.348752967
LAI,2.655330408,5.854591291,1.751370419,1.364976998,3.336755729,1.481580459,0.551530715,1.048467926,4.195049034,2.181995859
